{"cameraMode":{"drawMode":0,"name":"Shaded","section":"Shading Mode"},"sceneLighting":false,"audioPlay":false,"sceneViewState":{"showFog":true,"showMaterialUpdate":false,"showSkybox":true,"showFlares":true,"showImageEffects":true,"showParticleSystems":true},"in2DMode":false,"pivot":{"x":-0.008499566465616227,"y":-0.04562230408191681,"z":0.3368973135948181},"rotation":{"x":-0.2036592811346054,"y":0.47645047307014468,"z":-0.11448758840560913,"w":-0.8476039171218872},"size":1.767301082611084,"orthographic":false}